{"epoch": [1, 2, 3, 4, 5], "train_loss": [0.003069186330088527, 4.0042398685121345e-08, 1.6302151788731105e-08, 7.663249153229875e-09, 3.77895656858603e-09], "train_acc": [0.17108333333333334, 0.1511, 0.12626666666666667, 0.11231666666666666, 0.1037], "test_loss": [2.3591608089290618e-08, 7.498277726503133e-09, 2.9921563504675674e-09, 1.287461234844578e-09, 6.31809492224189e-10], "test_acc": [0.1611, 0.1346, 0.1168, 0.1054, 0.101]}