{"epoch": [1, 2, 3, 4, 5], "train_loss": [0.052104772578676545, 0.0192076364758114, 0.012887380380059281, 0.009838970870090029, 0.0074625652078849575], "train_acc": [0.9166, 0.9699833333333333, 0.9805, 0.98495, 0.98905], "test_loss": [0.025209062080830336, 0.016784608783200382, 0.015644167363643647, 0.01754711396060884, 0.015603229426778853], "test_acc": [0.9593, 0.9734, 0.9745, 0.9727, 0.9775]}