{"epoch": [1, 2, 3, 4, 5], "train_loss": [0.22393646046419938, 0.09316729634354512, 0.06380029314023752, 0.04902412282538911, 0.039750430729985235], "train_acc": [0.9305333333333333, 0.9711833333333333, 0.98025, 0.9842, 0.9866833333333334], "test_loss": [0.11719848327338696, 0.08975986838340759, 0.07748076040297747, 0.09782624170184136, 0.09000163618475199], "test_acc": [0.963, 0.9724, 0.9773, 0.9724, 0.974]}